"Series Name,""Series Code"",""Country Name"",""Country Code"",""2000 [YR2000]"",""2001 [YR2001]"",""2002 [YR2002]"",""2008 [YR2008]"",""2009 [YR2009]"",""2010 [YR2010]"",""2011 [YR2011]"",""2012 [YR2012]"",""2013 [YR2013]"",""2014 [YR2014]"",""2015 [YR2015]"""
"GDP per capita, PPP (constant 2011 international $),""NY.GDP.PCAP.PP.KD"",""Australia"",""AUS"",""35377.729551754"",""35578.642071091"",""36553.9646143988"",""41331.5279733539"",""41266.8663842235"",""41464.0400696359"",""41894.1730524786"",""42754.4562863267"",""43118.0861274364"",""43547.1974836868"",""43923.2582693466"""
"GDP per capita, PPP (constant 2011 international $),""NY.GDP.PCAP.PP.KD"",""Austria"",""AUT"",""38844.404713666"",""39186.3370023663"",""39638.0268737228"",""44441.7885303671"",""42656.8541604126"",""43336.1978527647"",""44452.7327457999"",""44551.6175741173"",""44301.104028751"",""44320.5020125474"",""44304.967756787"""
"GDP per capita, PPP (constant 2011 international $),""NY.GDP.PCAP.PP.KD"",""Belgium"",""BEL"",""37188.6436930907"",""37361.718437763"",""37856.8647131311"",""41619.3400813337"",""40355.5731175835"",""41085.9189401366"",""41248.725342013"",""41046.481185763"",""40928.136605999"",""41360.3955755286"",""41708.2123401731"""
"GDP per capita, PPP (constant 2011 international $),""NY.GDP.PCAP.PP.KD"",""Brazil"",""BRA"",""11370.970939251"",""11368.466449571"",""11559.5605966069"",""13802.8179924238"",""13649.8658402957"",""14537.5671930903"",""14973.0984736747"",""15119.9121381768"",""15432.8936308141"",""15374.2615071807"",""14702.5912680317"""
"GDP per capita, PPP (constant 2011 international $),""NY.GDP.PCAP.PP.KD"",""Canada"",""CAN"",""37431.9169780243"",""37712.1282353891"",""38500.3170770124"",""41611.2508139689"",""39924.1959013064"",""40699.3551293841"",""41565.2712210369"",""41794.5389176845"",""42339.3788754169"",""43079.1425247165"",""43149.4758370305"""
"GDP per capita, PPP (constant 2011 international $),""NY.GDP.PCAP.PP.KD"",""Chile"",""CHL"",""14315.4260570701"",""14613.8038698458"",""14895.5401923208"",""19031.6164297818"",""18547.4615343093"",""19442.0503154635"",""20437.704525923"",""21330.2399109073"",""21998.3071454324"",""22195.2743713617"",""22516.6078575125"""
"GDP per capita, PPP (constant 2011 international $),""NY.GDP.PCAP.PP.KD"",""Colombia"",""COL"",""8308.22294990052"",""8327.07075920399"",""8415.7591194705"",""10547.2603938218"",""10599.9626049907"",""10900.5052821616"",""11496.4777054381"",""11840.2404334565"",""12296.2955351848"",""12715.9673914398"",""12985.3831345266"""
"GDP per capita, PPP (constant 2011 international $),""NY.GDP.PCAP.PP.KD"",""Czech Republic"",""CZE"",""21193.9017140583"",""21892.48252523"",""22297.2247461099"",""29373.1092319296"",""27803.5871622193"",""28352.9493964403"",""28797.4179611691"",""28527.1387345992"",""28379.7461179156"",""29119.6166119074"",""30605.4205211471"""
"GDP per capita, PPP (constant 2011 international $),""NY.GDP.PCAP.PP.KD"",""Denmark"",""DNK"",""42337.7143693512"",""42533.5392582329"",""42595.5872217462"",""45865.7959577936"",""43382.6254590015"",""43998.4366716285"",""44403.3941459257"",""44336.8124612297"",""44564.4521554649"",""45057.0741699595"",""45458.697148831"""
"GDP per capita, PPP (constant 2011 international $),""NY.GDP.PCAP.PP.KD"",""Estonia"",""EST"",""15703.0274678557"",""16803.5186789525"",""17937.8319791363"",""25968.9728072711"",""22187.9264018728"",""22740.9720038708"",""24543.0674715452"",""25691.9996357991"",""26282.9088374806"",""27113.6859213723"",""27549.5813697378"""
"GDP per capita, PPP (constant 2011 international $),""NY.GDP.PCAP.PP.KD"",""Finland"",""FIN"",""34887.1787990067"",""35706.1533300355"",""36218.2401573648"",""42574.6411365042"",""38867.7994464569"",""39848.1344978775"",""40683.5275821703"",""39912.9413580065"",""39428.3120606313"",""39017.5372069548"",""38941.7636030551"""
"GDP per capita, PPP (constant 2011 international $),""NY.GDP.PCAP.PP.KD"",""France"",""FRA"",""34880.8818230204"",""35304.7307160001"",""35440.9219060106"",""37618.2073423763"",""36324.3615384237"",""36855.8446824064"",""37440.6414948094"",""37327.9444016171"",""37350.2782677477"",""37523.7275771828"",""37766.3741116872"""
"GDP per capita, PPP (constant 2011 international $),""NY.GDP.PCAP.PP.KD"",""Germany"",""DEU"",""36764.5629268974"",""37325.0525470646"",""37262.3512875562"",""40989.4431148599"",""38784.4524824906"",""40428.7210307617"",""42692.5197566424"",""42822.0994035797"",""42914.4761126655"",""43560.6192440775"",""43937.9471317278"""
"GDP per capita, PPP (constant 2011 international $),""NY.GDP.PCAP.PP.KD"",""Greece"",""GRC"",""24839.0759062479"",""25731.2092719044"",""26642.768959863"",""31881.7123475428"",""30430.419418438"",""28726.0792836873"",""26141.3195918975"",""24364.2690631745"",""23746.0845699961"",""24081.6305378246"",""24170.3018369872"""
"GDP per capita, PPP (constant 2011 international $),""NY.GDP.PCAP.PP.KD"",""Hong Kong SAR, China"",""HKG"",""34016.6422606851"",""33956.2623264748"",""34366.2671017515"",""46635.0879851675"",""45390.4528608094"",""48107.7086333279"",""50085.9593288483"",""50378.3379199401"",""51732.4425263159"",""52789.4253638365"",""53591.835819824"""
"GDP per capita, PPP (constant 2011 international $),""NY.GDP.PCAP.PP.KD"",""Hungary"",""HUN"",""17951.7355199383"",""18683.9818474509"",""19585.7223042541"",""23734.2445282406"",""22202.1570188671"",""22404.2391969471"",""22841.2103381104"",""22582.0728072234"",""23119.0169671733"",""24161.4255236519"",""25034.4507306605"""
"GDP per capita, PPP (constant 2011 international $),""NY.GDP.PCAP.PP.KD"",""Iceland"",""ISL"",""34044.6490237004"",""34914.5488054463"",""34794.7878798797"",""43334.9005218537"",""40377.8335126344"",""38978.0055953415"",""39621.9356635285"",""39931.6093631367"",""41259.7959649764"",""41701.1372653816"",""43048.1251452787"""
"GDP per capita, PPP (constant 2011 international $),""NY.GDP.PCAP.PP.KD"",""Indonesia"",""IDN"",""5805.808706435"",""5934.13704964754"",""6115.56787071506"",""7792.62993124944"",""8044.97033037879"",""8433.49735678452"",""8837.82012171405"",""9251.17553694602"",""9643.2748298101"",""10003.0890293448"",""10367.7019920006"""
"GDP per capita, PPP (constant 2011 international $),""NY.GDP.PCAP.PP.KD"",""Ireland"",""IRL"",""38849.8607585848"",""40455.3011972813"",""42289.0650207409"",""46062.6286354214"",""43487.4790259755"",""44030.4141487055"",""45147.3762396776"",""44973.1752551923"",""45470.1585067362"",""48898.3286615603"",""60818.0462398536"""
"GDP per capita, PPP (constant 2011 international $),""NY.GDP.PCAP.PP.KD"",""Israel"",""ISR"",""26824.7051153215"",""26206.4363738654"",""25725.4673524689"",""29082.0688545181"",""28787.4986881339"",""29743.0058727916"",""30558.3912790325"",""30582.1537050861"",""31250.8020070636"",""31702.0835366295"",""32024.3527705394"""
"GDP per capita, PPP (constant 2011 international $),""NY.GDP.PCAP.PP.KD"",""Italy"",""ITA"",""36535.8187670132"",""37162.42333617"",""37199.3523731905"",""37954.1606640052"",""35710.4200015019"",""36201.1615672134"",""36347.3424784176"",""35227.6248251817"",""34219.8327781897"",""33945.8438783585"",""34302.0374026544"""
"GDP per capita, PPP (constant 2011 international $),""NY.GDP.PCAP.PP.KD"",""Japan"",""JPN"",""33871.858216914"",""33927.643634745"",""33888.7834810872"",""36278.3694728356"",""34317.670824811"",""35749.7566788784"",""35774.6967129559"",""36367.5970553161"",""37148.6027499704"",""37337.3174057788"",""37882.980624441"""
"GDP per capita, PPP (constant 2011 international $),""NY.GDP.PCAP.PP.KD"",""Korea, Rep."",""KOR"",""20756.7798971433"",""21530.2633630352"",""22997.1871439252"",""28588.3721177634"",""28642.8379022063"",""30352.1048190303"",""31228.5106952266"",""31776.8970259682"",""32548.7155154884"",""33425.6895931418"",""34177.6544703221"""
"GDP per capita, PPP (constant 2011 international $),""NY.GDP.PCAP.PP.KD"",""Latvia"",""LVA"",""11175.1532940971"",""12051.8620617073"",""13058.753036389"",""21384.3134623671"",""18609.3328365261"",""18251.9532813473"",""19773.3837201521"",""20827.9116046572"",""21563.7214275874"",""22172.2535081352"",""23018.8161056707"""
"GDP per capita, PPP (constant 2011 international $),""NY.GDP.PCAP.PP.KD"",""Luxembourg"",""LUX"",""81689.8164014783"",""82766.9890403592"",""85032.7118799011"",""94900.3467241975"",""89098.7342435384"",""91743.2938905974"",""92005.0168361444"",""89505.1589621295"",""90656.3804221873"",""93655.3341630648"",""94088.5922250508"""
"GDP per capita, PPP (constant 2011 international $),""NY.GDP.PCAP.PP.KD"",""Macao SAR, China"",""MAC"",""42225.4970843683"",""42443.3095287083"",""45126.6565646444"",""80762.3996896231"",""80121.2230228718"",""98184.3365009534"",""116752.211556318"",""124568.599947039"",""135318.754420627"",""130755.160705843"",""100444.593628176"""
"GDP per capita, PPP (constant 2011 international $),""NY.GDP.PCAP.PP.KD"",""Mexico"",""MEX"",""15682.8121696877"",""15415.2002267051"",""15218.7934268091"",""16293.0312963038"",""15185.5373863453"",""15715.9721449501"",""16049.3642444704"",""16394.6306748922"",""16385.0596087185"",""16622.5970457658"",""16938.6054057995"""
"GDP per capita, PPP (constant 2011 international $),""NY.GDP.PCAP.PP.KD"",""Netherlands"",""NLD"",""41721.6940459667"",""42287.561885314"",""42062.0472712533"",""47134.3029916063"",""45125.8059189752"",""45524.6621425733"",""46066.6524059576"",""45411.3523464895"",""45191.4862497619"",""45668.4414721322"",""46494.3642578078"""
"GDP per capita, PPP (constant 2011 international $),""NY.GDP.PCAP.PP.KD"",""New Zealand"",""NZL"",""27620.4728000552"",""28500.9526364051"",""29427.5946162384"",""31881.1215825182"",""32168.7713241048"",""32119.2155430773"",""32734.5366666969"",""33369.2694611882"",""33782.1008208516"",""34455.3312172237"",""35309.8237244851"""
"GDP per capita, PPP (constant 2011 international $),""NY.GDP.PCAP.PP.KD"",""Norway"",""NOR"",""58045.0672672257"",""58956.3941539921"",""59482.3659600334"",""64586.1779018675"",""62698.285355183"",""62350.4107068751"",""62145.0261549128"",""63003.4108977463"",""62896.290059206"",""63419.314778542"",""64008.2868303461"""
"GDP per capita, PPP (constant 2011 international $),""NY.GDP.PCAP.PP.KD"",""Peru"",""PER"",""6563.26793490643"",""6516.69315631403"",""6784.22222700922"",""9323.3539382107"",""9308.6747887501"",""9956.55663668307"",""10449.0932552031"",""10943.9192691962"",""11430.2557839627"",""11547.8342162709"",""11770.0344482345"""
"GDP per capita, PPP (constant 2011 international $),""NY.GDP.PCAP.PP.KD"",""Poland"",""POL"",""14732.4819975514"",""14920.4597322179"",""15232.1301462194"",""20391.9002245226"",""20952.8016743906"",""21770.6444359772"",""22850.6388460286"",""23218.1112952256"",""23555.4962149534"",""24347.0736576846"",""25299.9743484897"""
"GDP per capita, PPP (constant 2011 international $),""NY.GDP.PCAP.PP.KD"",""Portugal"",""PRT"",""25999.490687324"",""26318.4781605115"",""26375.9645090982"",""27590.3749475111"",""26743.1979904258"",""27238.4606724422"",""26780.2149060404"",""25805.8498346706"",""25654.6142954091"",""26023.6978492184"",""26607.8331233896"""
"GDP per capita, PPP (constant 2011 international $),""NY.GDP.PCAP.PP.KD"",""Russian Federation"",""RUS"",""14050.8513351861"",""14829.0829751786"",""15604.1494910579"",""24005.9966846095"",""22121.8524916537"",""23107.7852212759"",""24310.0439655517"",""25156.4209403618"",""25551.0899736309"",""25284.5862019855"",""24516.5499502712"""
"GDP per capita, PPP (constant 2011 international $),""NY.GDP.PCAP.PP.KD"",""Singapore"",""SGP"",""51706.4348232877"",""49851.0792733017"",""51478.6851072858"",""66046.14738518"",""63697.2914292975"",""72115.8395014504"",""75113.2045300368"",""76285.5699220258"",""78896.6126956642"",""80903.5346542296"",""81741.096935529"""
"GDP per capita, PPP (constant 2011 international $),""NY.GDP.PCAP.PP.KD"",""Slovak Republic"",""SVK"",""15605.1961129724"",""16152.2710836105"",""16888.9431922391"",""25382.1684009197"",""23973.8413853129"",""25159.0775487579"",""25835.0047572051"",""26218.4716043616"",""26580.7178548938"",""27285.284673711"",""28308.8797698535"""
"GDP per capita, PPP (constant 2011 international $),""NY.GDP.PCAP.PP.KD"",""Slovenia"",""SVN"",""22723.3270446698"",""23356.7055188022"",""24222.7057674997"",""31137.7763671714"",""28451.5455225073"",""28678.3726303687"",""28804.7015194266"",""27976.9163065514"",""27622.6855482922"",""28417.656441512"",""29037.7416756681"""
"GDP per capita, PPP (constant 2011 international $),""NY.GDP.PCAP.PP.KD"",""Spain"",""ESP"",""29967.1314474464"",""30950.5732327814"",""31395.2760183926"",""34163.9463911854"",""32652.5121822546"",""32507.0939660629"",""32068.2709273108"",""31109.1874649142"",""30678.9172969914"",""31195.4052422035"",""32291.1551993266"""
"GDP per capita, PPP (constant 2011 international $),""NY.GDP.PCAP.PP.KD"",""Sweden"",""SWE"",""36854.8687622119"",""37330.7049744333"",""37980.9800520158"",""43466.1418421499"",""40862.9701317373"",""42942.5625032962"",""43755.0604392612"",""43308.2144684442"",""43475.8013408384"",""44167.6318669891"",""45679.2779973863"""
"GDP per capita, PPP (constant 2011 international $),""NY.GDP.PCAP.PP.KD"",""Switzerland"",""CHE"",""50775.9763390062"",""51117.8874407516"",""50815.1531556825"",""56755.8381307405"",""54805.5792896896"",""55866.3050707537"",""56183.8325850081"",""56149.6708620093"",""56535.7400477582"",""57218.0279263612"",""57264.1573970635"""
"GDP per capita, PPP (constant 2011 international $),""NY.GDP.PCAP.PP.KD"",""Turkey"",""TUR"",""13862.0504342053"",""12842.35786008"",""13468.4990469539"",""17836.8051929596"",""16783.4414679524"",""17959.2591065745"",""19660.8894895655"",""20282.0283759489"",""21650.7567664874"",""22401.8804311394"",""23388.4813019367"""
"GDP per capita, PPP (constant 2011 international $),""NY.GDP.PCAP.PP.KD"",""United Kingdom"",""GBR"",""33266.1164286608"",""33981.3775929392"",""34669.5182383112"",""37903.3819323998"",""36042.424228706"",""36366.9831782522"",""36607.9810897257"",""36892.8503113158"",""37398.7972183927"",""38251.7924802929"",""38839.1669568199"""
"GDP per capita, PPP (constant 2011 international $),""NY.GDP.PCAP.PP.KD"",""United States"",""USA"",""45986.0527103166"",""45977.5499913714"",""46366.5779744928"",""50383.8405601926"",""48557.8676445276"",""49374.1788851797"",""49793.7135249201"",""50520.348289879"",""51003.6859904151"",""51921.9846391384"",""53005.6361464627"""
"All education staff compensation, total (% of total expenditure in public institutions),""SE.XPD.MTOT.ZS"",""Australia"",""AUS"",""68.3223495483398"",""NA"",""NA"",""NA"",""NA"",""NA"",""NA"",""NA"",""NA"",""64.6126403808594"",""NA"""
"All education staff compensation, total (% of total expenditure in public institutions),""SE.XPD.MTOT.ZS"",""Austria"",""AUT"",""72.2939834594727"",""70.4519805908203"",""70.869987487793"",""71.5804595947266"",""71.5695877075195"",""70.1928100585938"",""69.66162109375"",""68.429573059082"",""67.9886093139648"",""68.8669204711914"",""NA"""
"All education staff compensation, total (% of total expenditure in public institutions),""SE.XPD.MTOT.ZS"",""Belgium"",""BEL"",""NA"",""80.4961013793945"",""82.8344192504883"",""82.3266830444336"",""84.0970306396484"",""84.2835083007813"",""84.4836807250977"",""NA"",""81.3793182373047"",""81.4602127075195"",""NA"""
"All education staff compensation, total (% of total expenditure in public institutions),""SE.XPD.MTOT.ZS"",""Brazil"",""BRA"",""74.8119430541992"",""74.1616668701172"",""73.1193313598633"",""67.8249664306641"",""70.2811126708984"",""68.471076965332"",""73.1655426025391"",""68.3176422119141"",""69.7163391113281"",""69.3697128295898"",""NA"""
"All education staff compensation, total (% of total expenditure in public institutions),""SE.XPD.MTOT.ZS"",""Canada"",""CAN"",""70.4515075683594"",""72.4313278198242"",""70.5298309326172"",""67.129768371582"",""65.4891891479492"",""65.8362121582031"",""65.4557800292969"",""NA"",""68.8116989135742"",""NA"",""NA"""
"All education staff compensation, total (% of total expenditure in public institutions),""SE.XPD.MTOT.ZS"",""Chile"",""CHL"",""NA"",""NA"",""52.2674217224121"",""79.8874282836914"",""78.9357299804688"",""NA"",""NA"",""NA"",""NA"",""NA"",""NA"""
"All education staff compensation, total (% of total expenditure in public institutions),""SE.XPD.MTOT.ZS"",""Colombia"",""COL"",""NA"",""NA"",""NA"",""72.0718231201172"",""NA"",""70.9525985717773"",""72.2942581176758"",""71.0023422241211"",""66.4107208251953"",""68.5187377929688"",""69.0059661865234"""
"All education staff compensation, total (% of total expenditure in public institutions),""SE.XPD.MTOT.ZS"",""Czech Republic"",""CZE"",""54.544849395752"",""55.4927215576172"",""55.7827301025391"",""53.1608085632324"",""51.906551361084"",""51.489559173584"",""49.5291290283203"",""48.4442596435547"",""51.3727111816406"",""51.5161514282227"",""NA"""
"All education staff compensation, total (% of total expenditure in public institutions),""SE.XPD.MTOT.ZS"",""Denmark"",""DNK"",""72.7259216308594"",""72.098876953125"",""72.2194595336914"",""77.0177001953125"",""77.2316436767578"",""74.9408721923828"",""71.085823059082"",""91.0467834472656"",""73.5371398925781"",""73.7488021850586"",""NA"""
"All education staff compensation, total (% of total expenditure in public institutions),""SE.XPD.MTOT.ZS"",""Estonia"",""EST"",""NA"",""56.8143501281738"",""56.2886199951172"",""NA"",""NA"",""NA"",""NA"",""0"",""57.710319519043"",""64.04052734375"",""NA"""
"All education staff compensation, total (% of total expenditure in public institutions),""SE.XPD.MTOT.ZS"",""Finland"",""FIN"",""61.658561706543"",""59.9794006347656"",""59.7968788146973"",""59.9142913818359"",""59.6575317382813"",""60.3235816955566"",""59.4598197937012"",""60.3362197875977"",""60.2452011108398"",""59.7005882263184"",""NA"""
"All education staff compensation, total (% of total expenditure in public institutions),""SE.XPD.MTOT.ZS"",""France"",""FRA"",""73.0417022705078"",""73.4523086547852"",""73.4755172729492"",""73.6419525146484"",""72.222038269043"",""73.1893997192383"",""73.8059463500977"",""75.0055999755859"",""73.3883972167969"",""74.8206329345703"",""NA"""
"All education staff compensation, total (% of total expenditure in public institutions),""SE.XPD.MTOT.ZS"",""Germany"",""DEU"",""NA"",""NA"",""NA"",""71.3042984008789"",""70.8422164916992"",""70.5698928833008"",""70.8932495117188"",""72.751838684082"",""72.4552001953125"",""72.8817825317383"",""NA"""
"All education staff compensation, total (% of total expenditure in public institutions),""SE.XPD.MTOT.ZS"",""Greece"",""GRC"",""67.1986694335938"",""63.098560333252"",""65.0962524414063"",""NA"",""NA"",""NA"",""NA"",""NA"",""NA"",""NA"",""NA"""
"All education staff compensation, total (% of total expenditure in public institutions),""SE.XPD.MTOT.ZS"",""Hong Kong SAR, China"",""HKG"",""NA"",""NA"",""NA"",""NA"",""NA"",""NA"",""NA"",""NA"",""NA"",""NA"",""NA"""
"All education staff compensation, total (% of total expenditure in public institutions),""SE.XPD.MTOT.ZS"",""Hungary"",""HUN"",""64.2612915039063"",""63.7818908691406"",""66.39013671875"",""68.9707336425781"",""65.5895385742188"",""62.4984703063965"",""62.3187713623047"",""NA"",""63.6809501647949"",""66.2523727416992"",""NA"""
"All education staff compensation, total (% of total expenditure in public institutions),""SE.XPD.MTOT.ZS"",""Iceland"",""ISL"",""NA"",""NA"",""NA"",""68.6850967407227"",""68.319580078125"",""72.5692291259766"",""71.1375579833984"",""63.8180999755859"",""62.6525001525879"",""NA"",""NA"""
"All education staff compensation, total (% of total expenditure in public institutions),""SE.XPD.MTOT.ZS"",""Indonesia"",""IDN"",""NA"",""NA"",""NA"",""58.6818389892578"",""56.8398590087891"",""54.4537811279297"",""62.8933982849121"",""59.8281211853027"",""62.8979682922363"",""63.342658996582"",""64.0721664428711"""
"All education staff compensation, total (% of total expenditure in public institutions),""SE.XPD.MTOT.ZS"",""Ireland"",""IRL"",""68.6478881835938"",""67.9654693603516"",""71.4814376831055"",""72.8524322509766"",""74.3216171264648"",""71.6298980712891"",""73.6509704589844"",""75.9558334350586"",""73.5523834228516"",""72.8535385131836"",""NA"""
"All education staff compensation, total (% of total expenditure in public institutions),""SE.XPD.MTOT.ZS"",""Israel"",""ISR"",""68.6442184448242"",""69.6180419921875"",""67.1396865844727"",""73.3961029052734"",""73.2442321777344"",""72.9277114868164"",""73.6083221435547"",""76.0796585083008"",""74.9111404418945"",""75.0972137451172"",""NA"""
"All education staff compensation, total (% of total expenditure in public institutions),""SE.XPD.MTOT.ZS"",""Italy"",""ITA"",""71.5770721435547"",""71.374267578125"",""70.8503189086914"",""74.668098449707"",""73.6020431518555"",""74.6648330688477"",""73.6995620727539"",""NA"",""72.5200576782227"",""72.3740081787109"",""NA"""
"All education staff compensation, total (% of total expenditure in public institutions),""SE.XPD.MTOT.ZS"",""Japan"",""JPN"",""69.5160293579102"",""69.7899627685547"",""70.4819869995117"",""70.11083984375"",""NA"",""66.4449768066406"",""67.11962890625"",""67.9956665039063"",""67.0494003295898"",""64.8157119750977"",""NA"""
"All education staff compensation, total (% of total expenditure in public institutions),""SE.XPD.MTOT.ZS"",""Korea, Rep."",""KOR"",""NA"",""NA"",""56.2194786071777"",""60.3074607849121"",""55.7588691711426"",""NA"",""NA"",""58.2946014404297"",""59.7640609741211"",""61.3498382568359"",""62.7360992431641"""
"All education staff compensation, total (% of total expenditure in public institutions),""SE.XPD.MTOT.ZS"",""Latvia"",""LVA"",""87.7834320068359"",""79.3656997680664"",""62.0438003540039"",""65.8747863769531"",""68.9828033447266"",""65.7203674316406"",""64.4918670654297"",""63.5357208251953"",""62.2662696838379"",""57.9929389953613"",""NA"""
"All education staff compensation, total (% of total expenditure in public institutions),""SE.XPD.MTOT.ZS"",""Luxembourg"",""LUX"",""NA"",""71.2706909179688"",""NA"",""NA"",""NA"",""NA"",""NA"",""71.3550415039063"",""72.4978637695313"",""74.3090286254883"",""NA"""
"All education staff compensation, total (% of total expenditure in public institutions),""SE.XPD.MTOT.ZS"",""Macao SAR, China"",""MAC"",""NA"",""NA"",""NA"",""NA"",""60.1869316101074"",""38.9619216918945"",""28.9311790466309"",""22.6101303100586"",""49.7948417663574"",""57.0353584289551"",""59.071720123291"""
"All education staff compensation, total (% of total expenditure in public institutions),""SE.XPD.MTOT.ZS"",""Mexico"",""MEX"",""NA"",""88.5042190551758"",""88.3576202392578"",""84.9546585083008"",""84.776611328125"",""85.7383728027344"",""85.5242233276367"",""85.7996368408203"",""83.7799530029297"",""82.8431701660156"",""NA"""
"All education staff compensation, total (% of total expenditure in public institutions),""SE.XPD.MTOT.ZS"",""Netherlands"",""NLD"",""71.1281280517578"",""70.41943359375"",""69.2307434082031"",""67.6992416381836"",""68.8178176879883"",""69.5909271240234"",""69.5468521118164"",""68.4081268310547"",""69.4786911010742"",""67.6543121337891"",""NA"""
"All education staff compensation, total (% of total expenditure in public institutions),""SE.XPD.MTOT.ZS"",""New Zealand"",""NZL"",""NA"",""NA"",""NA"",""NA"",""NA"",""NA"",""NA"",""NA"",""NA"",""NA"",""NA"""
"All education staff compensation, total (% of total expenditure in public institutions),""SE.XPD.MTOT.ZS"",""Norway"",""NOR"",""69.4835433959961"",""70.5484771728516"",""68.7906036376953"",""66.6008911132813"",""65.8925476074219"",""67.4240798950195"",""68.9854507446289"",""71.5807571411133"",""69.9115295410156"",""70.6189498901367"",""NA"""
"All education staff compensation, total (% of total expenditure in public institutions),""SE.XPD.MTOT.ZS"",""Peru"",""PER"",""76.9657516479492"",""77.2762069702148"",""79.7688369750977"",""70.6360168457031"",""66.0980224609375"",""64.5650024414063"",""65.7960433959961"",""59.9415893554688"",""56.827220916748"",""54.9881210327148"",""49.5057182312012"""
"All education staff compensation, total (% of total expenditure in public institutions),""SE.XPD.MTOT.ZS"",""Poland"",""POL"",""70.3453826904297"",""68.5518569946289"",""61.8144493103027"",""60.4123802185059"",""61.836009979248"",""61.354190826416"",""62.683650970459"",""62.7386703491211"",""NA"",""67.9883117675781"",""NA"""
"All education staff compensation, total (% of total expenditure in public institutions),""SE.XPD.MTOT.ZS"",""Portugal"",""PRT"",""86.0364685058594"",""85.8650970458984"",""90.6939697265625"",""84.1841583251953"",""81.5371017456055"",""84.1096725463867"",""85.0038681030273"",""70.4646530151367"",""77.0590362548828"",""84.3455200195313"",""NA"""
"All education staff compensation, total (% of total expenditure in public institutions),""SE.XPD.MTOT.ZS"",""Russian Federation"",""RUS"",""NA"",""NA"",""NA"",""NA"",""NA"",""NA"",""NA"",""66.3977203369141"",""69.3435134887695"",""69.7660903930664"",""NA"""
"All education staff compensation, total (% of total expenditure in public institutions),""SE.XPD.MTOT.ZS"",""Singapore"",""SGP"",""NA"",""NA"",""NA"",""NA"",""NA"",""NA"",""NA"",""NA"",""NA"",""NA"",""NA"""
"All education staff compensation, total (% of total expenditure in public institutions),""SE.XPD.MTOT.ZS"",""Slovak Republic"",""SVK"",""68.2484283447266"",""68.1331481933594"",""65.9152679443359"",""57.7188682556152"",""56.4822998046875"",""56.9782295227051"",""57.3795700073242"",""57.7205581665039"",""58.1677398681641"",""58.449878692627"",""52.9890785217285"""
"All education staff compensation, total (% of total expenditure in public institutions),""SE.XPD.MTOT.ZS"",""Slovenia"",""SVN"",""NA"",""NA"",""NA"",""67.1634063720703"",""68.5600814819336"",""69.9877319335938"",""69.8982009887695"",""69.8060531616211"",""66.9698791503906"",""66.5675735473633"",""NA"""
"All education staff compensation, total (% of total expenditure in public institutions),""SE.XPD.MTOT.ZS"",""Spain"",""ESP"",""77.5912780761719"",""77.7339172363281"",""75.9152984619141"",""70.4161834716797"",""71.3706207275391"",""71.5629119873047"",""71.5629119873047"",""75.7609405517578"",""74.6173400878906"",""76.2680969238281"",""NA"""
"All education staff compensation, total (% of total expenditure in public institutions),""SE.XPD.MTOT.ZS"",""Sweden"",""SWE"",""61.7093200683594"",""63.9206695556641"",""NA"",""63.5290412902832"",""63.2913093566895"",""63.1256790161133"",""63.4278907775879"",""65.1723403930664"",""64.9706878662109"",""65.224853515625"",""NA"""
"All education staff compensation, total (% of total expenditure in public institutions),""SE.XPD.MTOT.ZS"",""Switzerland"",""CHE"",""75.787712097168"",""75.4050674438477"",""74.8545227050781"",""76.552116394043"",""74.6295471191406"",""75.1917419433594"",""74.9708480834961"",""75.3224716186523"",""74.9678497314453"",""74.397102355957"",""NA"""
"All education staff compensation, total (% of total expenditure in public institutions),""SE.XPD.MTOT.ZS"",""Turkey"",""TUR"",""75.9012069702148"",""77.2014312744141"",""78.7109222412109"",""NA"",""NA"",""NA"",""68.0211334228516"",""72.2444763183594"",""70.3916473388672"",""70.355827331543"",""NA"""
"All education staff compensation, total (% of total expenditure in public institutions),""SE.XPD.MTOT.ZS"",""United Kingdom"",""GBR"",""71.8007736206055"",""69.715217590332"",""70.4165267944336"",""71.5406494140625"",""70.4730834960938"",""58.7913513183594"",""76.8241577148438"",""NA"",""75.0179214477539"",""74.0442733764648"",""73.8862075805664"""
"All education staff compensation, total (% of total expenditure in public institutions),""SE.XPD.MTOT.ZS"",""United States"",""USA"",""NA"",""NA"",""NA"",""NA"",""NA"",""69.4044723510742"",""69.3916397094727"",""68.3805313110352"",""70.0213317871094"",""69.6853790283203"",""NA"""
"Compulsory education, duration (years),""SE.COM.DURS"",""Australia"",""AUS"",""10"",""10"",""10"",""10"",""10"",""10"",""10"",""10"",""10"",""10"",""10"""
"Compulsory education, duration (years),""SE.COM.DURS"",""Austria"",""AUT"",""8"",""8"",""8"",""8"",""8"",""8"",""9"",""9"",""9"",""9"",""9"""
"Compulsory education, duration (years),""SE.COM.DURS"",""Belgium"",""BEL"",""12"",""12"",""12"",""12"",""12"",""12"",""12"",""12"",""12"",""12"",""12"""
"Compulsory education, duration (years),""SE.COM.DURS"",""Brazil"",""BRA"",""8"",""8"",""8"",""9"",""9"",""9"",""9"",""9"",""14"",""14"",""14"""
"Compulsory education, duration (years),""SE.COM.DURS"",""Canada"",""CAN"",""10"",""10"",""10"",""10"",""10"",""10"",""10"",""10"",""10"",""10"",""10"""
"Compulsory education, duration (years),""SE.COM.DURS"",""Chile"",""CHL"",""8"",""8"",""8"",""12"",""12"",""12"",""12"",""12"",""13"",""13"",""13"""
"Compulsory education, duration (years),""SE.COM.DURS"",""Colombia"",""COL"",""10"",""10"",""10"",""10"",""10"",""10"",""10"",""10"",""10"",""10"",""10"""
"Compulsory education, duration (years),""SE.COM.DURS"",""Czech Republic"",""CZE"",""NA"",""NA"",""NA"",""9"",""9"",""9"",""9"",""9"",""9"",""9"",""9"""
"Compulsory education, duration (years),""SE.COM.DURS"",""Denmark"",""DNK"",""9"",""9"",""9"",""9"",""9"",""10"",""10"",""10"",""10"",""10"",""10"""
"Compulsory education, duration (years),""SE.COM.DURS"",""Estonia"",""EST"",""9"",""9"",""9"",""9"",""9"",""9"",""9"",""9"",""9"",""9"",""9"""
"Compulsory education, duration (years),""SE.COM.DURS"",""Finland"",""FIN"",""9"",""9"",""9"",""9"",""9"",""9"",""9"",""9"",""9"",""9"",""9"""
"Compulsory education, duration (years),""SE.COM.DURS"",""France"",""FRA"",""10"",""10"",""10"",""10"",""10"",""10"",""10"",""10"",""10"",""10"",""10"""
"Compulsory education, duration (years),""SE.COM.DURS"",""Germany"",""DEU"",""12"",""12"",""12"",""12"",""12"",""12"",""12"",""12"",""12"",""12"",""12"""
"Compulsory education, duration (years),""SE.COM.DURS"",""Greece"",""GRC"",""9"",""9"",""9"",""9"",""9"",""9"",""9"",""9"",""9"",""9"",""9"""
"Compulsory education, duration (years),""SE.COM.DURS"",""Hong Kong SAR, China"",""HKG"",""9"",""9"",""9"",""9"",""9"",""9"",""9"",""9"",""9"",""9"",""9"""
"Compulsory education, duration (years),""SE.COM.DURS"",""Hungary"",""HUN"",""13"",""13"",""13"",""13"",""13"",""13"",""13"",""13"",""11"",""11"",""13"""
"Compulsory education, duration (years),""SE.COM.DURS"",""Iceland"",""ISL"",""10"",""10"",""10"",""10"",""10"",""10"",""10"",""10"",""10"",""10"",""10"""
"Compulsory education, duration (years),""SE.COM.DURS"",""Indonesia"",""IDN"",""NA"",""NA"",""6"",""9"",""9"",""9"",""9"",""9"",""9"",""9"",""9"""
"Compulsory education, duration (years),""SE.COM.DURS"",""Ireland"",""IRL"",""10"",""10"",""10"",""10"",""10"",""10"",""10"",""10"",""10"",""10"",""10"""
"Compulsory education, duration (years),""SE.COM.DURS"",""Israel"",""ISR"",""11"",""11"",""11"",""11"",""13"",""13"",""13"",""13"",""13"",""13"",""13"""
"Compulsory education, duration (years),""SE.COM.DURS"",""Italy"",""ITA"",""8"",""8"",""8"",""12"",""12"",""12"",""12"",""12"",""12"",""12"",""12"""
"Compulsory education, duration (years),""SE.COM.DURS"",""Japan"",""JPN"",""9"",""9"",""9"",""9"",""9"",""9"",""9"",""9"",""9"",""9"",""9"""
"Compulsory education, duration (years),""SE.COM.DURS"",""Korea, Rep."",""KOR"",""6"",""6"",""7"",""9"",""9"",""9"",""9"",""9"",""9"",""9"",""9"""
"Compulsory education, duration (years),""SE.COM.DURS"",""Latvia"",""LVA"",""8"",""8"",""8"",""8"",""11"",""11"",""11"",""11"",""11"",""11"",""11"""
"Compulsory education, duration (years),""SE.COM.DURS"",""Luxembourg"",""LUX"",""6"",""6"",""6"",""6"",""12"",""12"",""12"",""12"",""12"",""12"",""12"""
"Compulsory education, duration (years),""SE.COM.DURS"",""Macao SAR, China"",""MAC"",""10"",""10"",""10"",""10"",""10"",""10"",""10"",""10"",""10"",""10"",""10"""
"Compulsory education, duration (years),""SE.COM.DURS"",""Mexico"",""MEX"",""9"",""11"",""11"",""11"",""11"",""11"",""11"",""14"",""14"",""14"",""14"""
"Compulsory education, duration (years),""SE.COM.DURS"",""Netherlands"",""NLD"",""12"",""12"",""12"",""12"",""12"",""12"",""12"",""12"",""12"",""12"",""12"""
"Compulsory education, duration (years),""SE.COM.DURS"",""New Zealand"",""NZL"",""10"",""10"",""10"",""10"",""10"",""10"",""10"",""10"",""10"",""10"",""10"""
"Compulsory education, duration (years),""SE.COM.DURS"",""Norway"",""NOR"",""10"",""10"",""10"",""10"",""10"",""10"",""10"",""10"",""10"",""10"",""10"""
"Compulsory education, duration (years),""SE.COM.DURS"",""Peru"",""PER"",""12"",""12"",""12"",""12"",""12"",""12"",""12"",""14"",""14"",""14"",""14"""
"Compulsory education, duration (years),""SE.COM.DURS"",""Poland"",""POL"",""9"",""9"",""9"",""9"",""9"",""9"",""9"",""9"",""9"",""9"",""9"""
"Compulsory education, duration (years),""SE.COM.DURS"",""Portugal"",""PRT"",""9"",""9"",""9"",""9"",""9"",""9"",""9"",""9"",""9"",""9"",""9"""
"Compulsory education, duration (years),""SE.COM.DURS"",""Russian Federation"",""RUS"",""8"",""8"",""8"",""9"",""9"",""9"",""9"",""9"",""11"",""11"",""11"""
"Compulsory education, duration (years),""SE.COM.DURS"",""Singapore"",""SGP"",""6"",""6"",""6"",""6"",""6"",""6"",""6"",""6"",""6"",""6"",""6"""
"Compulsory education, duration (years),""SE.COM.DURS"",""Slovak Republic"",""SVK"",""10"",""10"",""10"",""10"",""10"",""10"",""10"",""10"",""10"",""10"",""10"""
"Compulsory education, duration (years),""SE.COM.DURS"",""Slovenia"",""SVN"",""9"",""9"",""9"",""9"",""9"",""9"",""9"",""9"",""9"",""9"",""9"""
"Compulsory education, duration (years),""SE.COM.DURS"",""Spain"",""ESP"",""10"",""10"",""10"",""10"",""10"",""10"",""10"",""10"",""10"",""10"",""10"""
"Compulsory education, duration (years),""SE.COM.DURS"",""Sweden"",""SWE"",""9"",""9"",""9"",""9"",""9"",""9"",""9"",""9"",""9"",""9"",""9"""
"Compulsory education, duration (years),""SE.COM.DURS"",""Switzerland"",""CHE"",""9"",""9"",""9"",""12"",""12"",""12"",""12"",""12"",""12"",""12"",""12"""
"Compulsory education, duration (years),""SE.COM.DURS"",""Turkey"",""TUR"",""8"",""8"",""8"",""8"",""8"",""8"",""8"",""12"",""12"",""12"",""12"""
"Compulsory education, duration (years),""SE.COM.DURS"",""United Kingdom"",""GBR"",""11"",""11"",""11"",""11"",""11"",""11"",""11"",""11"",""11"",""11"",""11"""
"Compulsory education, duration (years),""SE.COM.DURS"",""United States"",""USA"",""13"",""13"",""13"",""13"",""13"",""13"",""13"",""13"",""13"",""13"",""13"""
"Government expenditure on education, total (% of GDP),""SE.XPD.TOTL.GD.ZS"",""Australia"",""AUS"",""4.88884019851685"",""NA"",""NA"",""4.63186979293823"",""5.08932018280029"",""5.56589984893799"",""5.09674978256226"",""4.89418983459473"",""5.25978994369507"",""5.19266986846924"",""NA"""
"Government expenditure on education, total (% of GDP),""SE.XPD.TOTL.GD.ZS"",""Austria"",""AUT"",""5.58880996704102"",""5.57547998428345"",""5.52213001251221"",""5.26395988464355"",""5.73024988174438"",""5.70047998428345"",""5.59226989746094"",""5.48040008544922"",""5.54711008071899"",""5.44897985458374"",""NA"""
"Government expenditure on education, total (% of GDP),""SE.XPD.TOTL.GD.ZS"",""Belgium"",""BEL"",""NA"",""5.84327983856201"",""5.947350025177"",""6.29138994216919"",""6.41535997390747"",""6.40798997879028"",""6.37873983383179"",""NA"",""6.6396598815918"",""6.59684991836548"",""NA"""
"Government expenditure on education, total (% of GDP),""SE.XPD.TOTL.GD.ZS"",""Brazil"",""BRA"",""3.94892001152039"",""3.84468007087708"",""3.75037002563477"",""5.26883983612061"",""5.46355009078979"",""5.64879989624023"",""5.73741006851196"",""5.85510015487671"",""5.8388500213623"",""5.94848012924194"",""NA"""
"Government expenditure on education, total (% of GDP),""SE.XPD.TOTL.GD.ZS"",""Canada"",""CAN"",""5.44200992584229"",""4.96958017349243"",""5.01072978973389"",""4.63825988769531"",""4.85264015197754"",""5.36992979049683"",""5.27443981170654"",""NA"",""NA"",""NA"",""NA"""
"Government expenditure on education, total (% of GDP),""SE.XPD.TOTL.GD.ZS"",""Chile"",""CHL"",""3.77583003044128"",""NA"",""4.08121013641357"",""3.79242992401123"",""4.23064994812012"",""4.16208982467651"",""4.04518985748291"",""NA"",""4.52942991256714"",""4.72281980514526"",""4.90347003936768"""
"Government expenditure on education, total (% of GDP),""SE.XPD.TOTL.GD.ZS"",""Colombia"",""COL"",""3.5112099647522"",""3.70867991447449"",""4.26812982559204"",""3.90980005264282"",""4.74742984771729"",""4.82615995407104"",""4.45980978012085"",""4.38531017303467"",""4.90324020385742"",""4.66516017913818"",""4.50048017501831"""
"Government expenditure on education, total (% of GDP),""SE.XPD.TOTL.GD.ZS"",""Czech Republic"",""CZE"",""3.65089011192322"",""3.7485499382019"",""3.97255992889404"",""3.74454998970032"",""4.17127990722656"",""4.06445980072021"",""4.27214002609253"",""4.2508602142334"",""4.0908899307251"",""3.99462008476257"",""NA"""
"Government expenditure on education, total (% of GDP),""SE.XPD.TOTL.GD.ZS"",""Denmark"",""DNK"",""8.08432960510254"",""8.21545028686523"",""8.2130298614502"",""7.47604990005493"",""8.44888019561768"",""8.55955028533936"",""8.48486042022705"",""7.23782014846802"",""8.49442958831787"",""7.634850025177"",""NA"""
"Government expenditure on education, total (% of GDP),""SE.XPD.TOTL.GD.ZS"",""Estonia"",""EST"",""5.3402099609375"",""5.23648023605347"",""5.46867990493774"",""5.51750993728638"",""5.95415019989014"",""5.52699995040894"",""5.01738023757935"",""4.71293020248413"",""4.83837985992432"",""5.47941017150879"",""NA"""
"Government expenditure on education, total (% of GDP),""SE.XPD.TOTL.GD.ZS"",""Finland"",""FIN"",""5.71687984466553"",""5.8479700088501"",""6.02477979660034"",""5.8467698097229"",""6.48517990112305"",""6.54070997238159"",""6.48200988769531"",""7.19254016876221"",""7.15848016738892"",""7.15155982971191"",""NA"""
"Government expenditure on education, total (% of GDP),""SE.XPD.TOTL.GD.ZS"",""France"",""FRA"",""5.51672983169556"",""5.41703987121582"",""5.40916013717651"",""5.44402980804443"",""5.73849010467529"",""5.68342018127441"",""5.51584005355835"",""5.46131992340088"",""5.50531005859375"",""5.51760005950928"",""NA"""
"Government expenditure on education, total (% of GDP),""SE.XPD.TOTL.GD.ZS"",""Germany"",""DEU"",""NA"",""NA"",""NA"",""4.4095401763916"",""4.88047981262207"",""4.91368007659912"",""4.80779981613159"",""4.93331003189087"",""4.93496990203857"",""4.93112993240356"",""NA"""
"Government expenditure on education, total (% of GDP),""SE.XPD.TOTL.GD.ZS"",""Greece"",""GRC"",""3.23019003868103"",""3.36457991600037"",""3.42430996894836"",""NA"",""NA"",""NA"",""NA"",""NA"",""NA"",""NA"",""NA"""
"Government expenditure on education, total (% of GDP),""SE.XPD.TOTL.GD.ZS"",""Hong Kong SAR, China"",""HKG"",""NA"",""3.90370011329651"",""4.01554012298584"",""3.26062989234924"",""4.39212989807129"",""3.51003003120422"",""3.41822004318237"",""3.50960993766785"",""3.76031994819641"",""3.57255005836487"",""3.26212000846863"""
"Government expenditure on education, total (% of GDP),""SE.XPD.TOTL.GD.ZS"",""Hungary"",""HUN"",""4.85891008377075"",""4.92447996139526"",""5.17096996307373"",""4.97793006896973"",""4.96436023712158"",""4.76894998550415"",""4.60079002380371"",""NA"",""4.20373010635376"",""4.63194990158081"",""NA"""
"Government expenditure on education, total (% of GDP),""SE.XPD.TOTL.GD.ZS"",""Iceland"",""ISL"",""6.48864984512329"",""6.77898979187012"",""7.39313983917236"",""7.20921993255615"",""7.33900022506714"",""7.20426988601685"",""7.04305982589722"",""7.86642980575562"",""7.75944995880127"",""NA"",""NA"""
"Government expenditure on education, total (% of GDP),""SE.XPD.TOTL.GD.ZS"",""Indonesia"",""IDN"",""NA"",""2.31048011779785"",""2.48484992980957"",""2.7254900932312"",""3.31083011627197"",""2.81227993965149"",""3.18944001197815"",""3.40748000144959"",""3.35904002189636"",""3.28800988197327"",""3.58192992210388"""
"Government expenditure on education, total (% of GDP),""SE.XPD.TOTL.GD.ZS"",""Ireland"",""IRL"",""4.13662004470825"",""4.09192991256714"",""4.10618019104004"",""5.44451999664307"",""6.13522005081177"",""6.04340982437134"",""5.82037019729614"",""5.75110006332397"",""5.31576013565063"",""4.88844013214111"",""NA"""
"Government expenditure on education, total (% of GDP),""SE.XPD.TOTL.GD.ZS"",""Israel"",""ISR"",""6.11819982528687"",""6.37935018539429"",""6.46928977966309"",""5.54223012924194"",""5.49584007263184"",""5.5444598197937"",""5.56352996826172"",""5.66922998428345"",""5.84309005737305"",""5.73908996582031"",""NA"""
"Government expenditure on education, total (% of GDP),""SE.XPD.TOTL.GD.ZS"",""Italy"",""ITA"",""4.2988600730896"",""4.66887998580933"",""4.44711017608643"",""4.40287017822266"",""4.53631019592285"",""4.35238981246948"",""4.14407014846802"",""NA"",""4.16472005844116"",""4.07525014877319"",""NA"""
"Government expenditure on education, total (% of GDP),""SE.XPD.TOTL.GD.ZS"",""Japan"",""JPN"",""3.51617002487183"",""3.45707011222839"",""3.46536993980408"",""3.3191499710083"",""NA"",""3.63949990272522"",""3.64258003234863"",""3.69226002693176"",""3.66538000106812"",""3.59059000015259"",""NA"""
"Government expenditure on education, total (% of GDP),""SE.XPD.TOTL.GD.ZS"",""Korea, Rep."",""KOR"",""NA"",""3.89742994308472"",""3.79261994361877"",""4.46395015716553"",""4.66982984542847"",""NA"",""NA"",""4.61822986602783"",""4.93069982528687"",""5.05671977996826"",""5.06544017791748"""
"Government expenditure on education, total (% of GDP),""SE.XPD.TOTL.GD.ZS"",""Latvia"",""LVA"",""5.28829002380371"",""5.45488977432251"",""5.60875988006592"",""5.40537977218628"",""5.57353019714355"",""5.08097982406616"",""4.93699979782104"",""6.59438991546631"",""6.97168016433716"",""5.26879978179932"",""NA"""
"Government expenditure on education, total (% of GDP),""SE.XPD.TOTL.GD.ZS"",""Luxembourg"",""LUX"",""NA"",""3.55579996109009"",""NA"",""NA"",""NA"",""NA"",""NA"",""4.09041023254395"",""NA"",""3.99439001083374"",""NA"""
"Government expenditure on education, total (% of GDP),""SE.XPD.TOTL.GD.ZS"",""Macao SAR, China"",""MAC"",""3.34086990356445"",""2.73401999473572"",""2.86199998855591"",""2.20792007446289"",""2.54646992683411"",""2.62949991226196"",""2.68518996238709"",""3.33735990524292"",""2.04986000061035"",""2.03205990791321"",""2.97817993164063"""
"Government expenditure on education, total (% of GDP),""SE.XPD.TOTL.GD.ZS"",""Mexico"",""MEX"",""4.13410997390747"",""4.42831993103027"",""4.63847017288208"",""4.85821008682251"",""5.21749019622803"",""5.191969871521"",""5.14620018005371"",""5.16543006896973"",""4.7424201965332"",""5.32586002349854"",""NA"""
"Government expenditure on education, total (% of GDP),""SE.XPD.TOTL.GD.ZS"",""Netherlands"",""NLD"",""4.62550020217896"",""4.7507700920105"",""4.87038993835449"",""5.09226989746094"",""5.49579000473022"",""5.55579996109009"",""5.5261697769165"",""5.4756498336792"",""5.59187984466553"",""5.52931022644043"",""NA"""
"Government expenditure on education, total (% of GDP),""SE.XPD.TOTL.GD.ZS"",""New Zealand"",""NZL"",""NA"",""6.56049013137817"",""6.40699005126953"",""5.50641012191772"",""6.28116989135742"",""7.00248003005981"",""6.93668985366821"",""7.15267992019653"",""6.70207977294922"",""6.35525989532471"",""6.34451007843018"""
"Government expenditure on education, total (% of GDP),""SE.XPD.TOTL.GD.ZS"",""Norway"",""NOR"",""6.46468019485474"",""6.82941007614136"",""7.44131994247437"",""6.28107976913452"",""7.09543991088867"",""6.74045991897583"",""6.44743013381958"",""7.36425018310547"",""7.47476005554199"",""7.68073987960815"",""NA"""
"Government expenditure on education, total (% of GDP),""SE.XPD.TOTL.GD.ZS"",""Peru"",""PER"",""3.22802996635437"",""3.03712010383606"",""2.82056999206543"",""2.8677499294281"",""3.13994002342224"",""2.86730003356934"",""2.6635000705719"",""2.92276000976563"",""3.2966001033783"",""3.6912100315094"",""3.98177003860474"""
"Government expenditure on education, total (% of GDP),""SE.XPD.TOTL.GD.ZS"",""Poland"",""POL"",""4.99361991882324"",""5.32975006103516"",""5.39797019958496"",""5.04044008255005"",""4.98909997940063"",""5.06842994689941"",""4.82011985778809"",""4.81181001663208"",""4.940110206604"",""4.91240978240967"",""NA"""
"Government expenditure on education, total (% of GDP),""SE.XPD.TOTL.GD.ZS"",""Portugal"",""PRT"",""5.16176986694336"",""5.33506011962891"",""5.2558798789978"",""4.70212984085083"",""5.56213998794556"",""5.4028902053833"",""5.12129020690918"",""4.94640016555786"",""5.27787017822266"",""5.12325000762939"",""NA"""
"Government expenditure on education, total (% of GDP),""SE.XPD.TOTL.GD.ZS"",""Russian Federation"",""RUS"",""2.93981003761292"",""3.10601997375488"",""3.8390200138092"",""4.10174989700317"",""NA"",""NA"",""NA"",""3.78973007202148"",""NA"",""NA"",""NA"""
"Government expenditure on education, total (% of GDP),""SE.XPD.TOTL.GD.ZS"",""Singapore"",""SGP"",""3.32136011123657"",""3.55137991905212"",""3.90062999725342"",""2.77936005592346"",""3.03184008598328"",""3.10836005210876"",""3.07418990135193"",""3.11265993118286"",""2.91283988952637"",""NA"",""NA"""
"Government expenditure on education, total (% of GDP),""SE.XPD.TOTL.GD.ZS"",""Slovak Republic"",""SVK"",""3.87198996543884"",""3.94198989868164"",""4.25106000900269"",""3.52674007415771"",""4.01094007492065"",""4.11588001251221"",""3.96231007575989"",""3.90920996665955"",""4.08665990829468"",""4.23067998886108"",""4.64977979660034"""
"Government expenditure on education, total (% of GDP),""SE.XPD.TOTL.GD.ZS"",""Slovenia"",""SVN"",""NA"",""5.75709009170532"",""5.65511989593506"",""5.10609006881714"",""5.56859016418457"",""5.56251001358032"",""5.56562995910645"",""5.64783000946045"",""5.43781995773315"",""5.29443979263306"",""NA"""
"Government expenditure on education, total (% of GDP),""SE.XPD.TOTL.GD.ZS"",""Spain"",""ESP"",""4.17637014389038"",""4.11988019943237"",""4.13603019714355"",""4.50093984603882"",""4.86771011352539"",""4.81911993026733"",""4.86633014678955"",""4.43187999725342"",""4.32834005355835"",""4.27990007400513"",""NA"""
"Government expenditure on education, total (% of GDP),""SE.XPD.TOTL.GD.ZS"",""Sweden"",""SWE"",""6.81885004043579"",""6.68600988388062"",""7.00103998184204"",""6.3907299041748"",""6.85778999328613"",""6.62199020385742"",""6.49111986160278"",""7.65618991851807"",""7.71774005889893"",""7.68125009536743"",""NA"""
"Government expenditure on education, total (% of GDP),""SE.XPD.TOTL.GD.ZS"",""Switzerland"",""CHE"",""4.78140020370483"",""4.95980978012085"",""5.31429004669189"",""4.86799001693726"",""5.04118013381958"",""4.92605018615723"",""4.9698600769043"",""5.03337001800537"",""5.04048013687134"",""5.05122995376587"",""NA"""
"Government expenditure on education, total (% of GDP),""SE.XPD.TOTL.GD.ZS"",""Turkey"",""TUR"",""2.52907991409302"",""2.65434002876282"",""2.74893999099731"",""NA"",""NA"",""NA"",""NA"",""4.41900014877319"",""4.36409997940063"",""4.37116003036499"",""NA"""
"Government expenditure on education, total (% of GDP),""SE.XPD.TOTL.GD.ZS"",""United Kingdom"",""GBR"",""4.07179021835327"",""4.14388990402222"",""4.69248008728027"",""4.93553018569946"",""5.13067007064819"",""5.77046012878418"",""5.67332983016968"",""NA"",""5.61871004104614"",""5.69341993331909"",""5.63148021697998"""
"Government expenditure on education, total (% of GDP),""SE.XPD.TOTL.GD.ZS"",""United States"",""USA"",""NA"",""NA"",""NA"",""NA"",""NA"",""5.42001008987427"",""5.22389984130859"",""5.19485998153687"",""4.94378995895386"",""4.98948001861572"",""NA"""
"Pupil-teacher ratio, primary,""SE.PRM.ENRL.TC.ZS"",""Australia"",""AUS"",""NA"",""NA"",""NA"",""NA"",""NA"",""NA"",""NA"",""NA"",""NA"",""NA"",""NA"""
"Pupil-teacher ratio, primary,""SE.PRM.ENRL.TC.ZS"",""Austria"",""AUT"",""NA"",""NA"",""13.2680101394653"",""11.6293201446533"",""11.3631401062012"",""11.0283098220825"",""10.8939800262451"",""10.8248901367188"",""10.7042999267578"",""10.7176599502563"",""10.5841503143311"""
"Pupil-teacher ratio, primary,""SE.PRM.ENRL.TC.ZS"",""Belgium"",""BEL"",""11.9828100204468"",""12.1316604614258"",""11.9429302215576"",""11.1789999008179"",""11.1409397125244"",""11.0342903137207"",""11.1892404556274"",""11.2028903961182"",""11.1429195404053"",""11.2394695281982"",""11.2312698364258"""
"Pupil-teacher ratio, primary,""SE.PRM.ENRL.TC.ZS"",""Brazil"",""BRA"",""24.796989440918"",""22.9708690643311"",""22.3533096313477"",""23.0246696472168"",""22.6441097259521"",""22.1660900115967"",""21.2850704193115"",""20.5171203613281"",""21.2274894714355"",""20.918140411377"",""21.5158004760742"""
"Pupil-teacher ratio, primary,""SE.PRM.ENRL.TC.ZS"",""Canada"",""CAN"",""17.4159603118896"",""NA"",""NA"",""NA"",""NA"",""NA"",""NA"",""NA"",""NA"",""NA"",""NA"""
"Pupil-teacher ratio, primary,""SE.PRM.ENRL.TC.ZS"",""Chile"",""CHL"",""32.2268295288086"",""NA"",""32.9275512695313"",""24.6402397155762"",""23.0095691680908"",""23.4115390777588"",""21.9740295410156"",""21.1599102020264"",""19.5258693695068"",""18.6506195068359"",""18.377799987793"""
"Pupil-teacher ratio, primary,""SE.PRM.ENRL.TC.ZS"",""Colombia"",""COL"",""26.4524097442627"",""26.0171298980713"",""26.8198890686035"",""29.3957004547119"",""29.3090801239014"",""28.1310691833496"",""27.5796508789063"",""25.0479602813721"",""24.9836406707764"",""24.2867603302002"",""23.7992992401123"""
"Pupil-teacher ratio, primary,""SE.PRM.ENRL.TC.ZS"",""Czech Republic"",""CZE"",""16.8854293823242"",""17.7102603912354"",""17.3542995452881"",""18.4750308990479"",""18.5008392333984"",""18.7071304321289"",""18.8212604522705"",""18.9743309020996"",""18.9317493438721"",""NA"",""NA"""
"Pupil-teacher ratio, primary,""SE.PRM.ENRL.TC.ZS"",""Denmark"",""DNK"",""10.1221704483032"",""9.93301010131836"",""NA"",""NA"",""NA"",""NA"",""NA"",""NA"",""NA"",""10.737380027771"",""NA"""
"Pupil-teacher ratio, primary,""SE.PRM.ENRL.TC.ZS"",""Estonia"",""EST"",""14.3228902816772"",""14.1057100296021"",""NA"",""12.1525802612305"",""11.8976202011108"",""11.7234497070313"",""11.7828998565674"",""11.5454797744751"",""11.4995403289795"",""NA"",""NA"""
"Pupil-teacher ratio, primary,""SE.PRM.ENRL.TC.ZS"",""Finland"",""FIN"",""16.6872901916504"",""15.8964700698853"",""15.5687599182129"",""14.3940000534058"",""13.6464195251465"",""14.0305595397949"",""13.6709403991699"",""13.5594902038574"",""13.1971797943115"",""13.3320398330688"",""NA"""
"Pupil-teacher ratio, primary,""SE.PRM.ENRL.TC.ZS"",""France"",""FRA"",""18.7464294433594"",""18.7464408874512"",""18.63916015625"",""19.0374908447266"",""18.7293796539307"",""17.766429901123"",""17.5182991027832"",""17.8151397705078"",""18.1765995025635"",""NA"",""NA"""
"Pupil-teacher ratio, primary,""SE.PRM.ENRL.TC.ZS"",""Germany"",""DEU"",""15.2833099365234"",""14.7645301818848"",""14.2935400009155"",""13.4974298477173"",""13.0022497177124"",""12.6838302612305"",""11.8241500854492"",""11.7140197753906"",""11.5802698135376"",""12.2994203567505"",""12.2230501174927"""
"Pupil-teacher ratio, primary,""SE.PRM.ENRL.TC.ZS"",""Greece"",""GRC"",""13.4149599075317"",""12.726149559021"",""12.5245704650879"",""NA"",""NA"",""NA"",""NA"",""9.19746971130371"",""9.4932804107666"",""9.4476900100708"",""9.64365005493164"""
"Pupil-teacher ratio, primary,""SE.PRM.ENRL.TC.ZS"",""Hong Kong SAR, China"",""HKG"",""21.5000190734863"",""21.0992794036865"",""20.1668891906738"",""16.547290802002"",""15.8538999557495"",""15.1648502349854"",""14.7997398376465"",""14.4346199035645"",""13.9925804138184"",""13.8493204116821"",""13.6624803543091"""
"Pupil-teacher ratio, primary,""SE.PRM.ENRL.TC.ZS"",""Hungary"",""HUN"",""10.7092399597168"",""10.5383100509644"",""10.2773303985596"",""10.4176597595215"",""10.4966602325439"",""10.5785703659058"",""10.5474996566772"",""10.4805097579956"",""10.4028196334839"",""11.2435998916626"",""10.978630065918"""
"Pupil-teacher ratio, primary,""SE.PRM.ENRL.TC.ZS"",""Iceland"",""ISL"",""NA"",""NA"",""NA"",""NA"",""NA"",""NA"",""9.7007303237915"",""9.92803955078125"",""9.85604953765869"",""9.99398040771484"",""10.1440496444702"""
"Pupil-teacher ratio, primary,""SE.PRM.ENRL.TC.ZS"",""Indonesia"",""IDN"",""22.1177196502686"",""22.2452392578125"",""20.9018592834473"",""20.6885204315186"",""19.7761306762695"",""19.0116996765137"",""18.9804000854492"",""18.5922508239746"",""16.0940799713135"",""16.5593490600586"",""NA"""
"Pupil-teacher ratio, primary,""SE.PRM.ENRL.TC.ZS"",""Ireland"",""IRL"",""NA"",""20.2889099121094"",""19.4067192077637"",""15.8621702194214"",""15.8115301132202"",""15.8037595748901"",""15.5706901550293"",""16.0604591369629"",""NA"",""NA"",""NA"""
"Pupil-teacher ratio, primary,""SE.PRM.ENRL.TC.ZS"",""Israel"",""ISR"",""13.5706996917725"",""13.4358396530151"",""13.3973398208618"",""13.0257701873779"",""13.0678100585938"",""13.0587701797485"",""12.5025596618652"",""NA"",""12.1167697906494"",""12.1135702133179"",""12.0883798599243"""
"Pupil-teacher ratio, primary,""SE.PRM.ENRL.TC.ZS"",""Italy"",""ITA"",""10.9584102630615"",""10.6989097595215"",""10.5909595489502"",""NA"",""NA"",""NA"",""NA"",""NA"",""12.0342302322388"",""12.0678596496582"",""12.0271596908569"""
"Pupil-teacher ratio, primary,""SE.PRM.ENRL.TC.ZS"",""Japan"",""JPN"",""20.6906299591064"",""20.3929405212402"",""20.0412197113037"",""18.2828807830811"",""18.0531196594238"",""17.7727508544922"",""17.4956092834473"",""17.0900993347168"",""16.7319393157959"",""16.4472503662109"",""16.1766605377197"""
"Pupil-teacher ratio, primary,""SE.PRM.ENRL.TC.ZS"",""Korea, Rep."",""KOR"",""32.1207313537598"",""32.023998260498"",""31.2579593658447"",""24.0670108795166"",""22.3829898834229"",""20.9179706573486"",""19.049409866333"",""17.8758106231689"",""16.8516693115234"",""16.5045509338379"",""16.5542392730713"""
"Pupil-teacher ratio, primary,""SE.PRM.ENRL.TC.ZS"",""Latvia"",""LVA"",""15.1000604629517"",""14.9939098358154"",""14.3443698883057"",""11.1117496490479"",""10.4477796554565"",""11.8849000930786"",""11.4135999679565"",""11.0149602890015"",""11.1624097824097"",""11.0875396728516"",""11.1324901580811"""
"Pupil-teacher ratio, primary,""SE.PRM.ENRL.TC.ZS"",""Luxembourg"",""LUX"",""NA"",""11.7381801605225"",""11.7407503128052"",""11.9084196090698"",""NA"",""9.29397964477539"",""8.99283027648926"",""8.37203979492188"",""8.14087963104248"",""8.16851043701172"",""8.45773029327393"""
"Pupil-teacher ratio, primary,""SE.PRM.ENRL.TC.ZS"",""Macao SAR, China"",""MAC"",""29.950569152832"",""28.3093605041504"",""27.4554500579834"",""18.2447605133057"",""17.3394298553467"",""16.0596103668213"",""14.8470697402954"",""14.1008701324463"",""13.7059202194214"",""13.6980199813843"",""14.0836200714111"""
"Pupil-teacher ratio, primary,""SE.PRM.ENRL.TC.ZS"",""Mexico"",""MEX"",""27.1579303741455"",""26.9830799102783"",""26.8702697753906"",""28.0241603851318"",""28.116720199585"",""28.1467208862305"",""28.1119899749756"",""28.0163593292236"",""27.6909599304199"",""27.4087600708008"",""26.9270095825195"""
"Pupil-teacher ratio, primary,""SE.PRM.ENRL.TC.ZS"",""Netherlands"",""NLD"",""NA"",""NA"",""NA"",""NA"",""NA"",""NA"",""11.5583200454712"",""11.5022602081299"",""11.6561098098755"",""11.66685962677"",""11.6235599517822"""
"Pupil-teacher ratio, primary,""SE.PRM.ENRL.TC.ZS"",""New Zealand"",""NZL"",""18.4481792449951"",""17.4554195404053"",""17.4051494598389"",""15.3171997070313"",""14.6081495285034"",""14.4884996414185"",""14.550479888916"",""14.5870199203491"",""NA"",""14.3669595718384"",""14.4962797164917"""
"Pupil-teacher ratio, primary,""SE.PRM.ENRL.TC.ZS"",""Norway"",""NOR"",""NA"",""NA"",""NA"",""NA"",""NA"",""NA"",""NA"",""NA"",""8.95777988433838"",""8.85048007965088"",""8.86857032775879"""
"Pupil-teacher ratio, primary,""SE.PRM.ENRL.TC.ZS"",""Peru"",""PER"",""28.7438507080078"",""29.2837905883789"",""25.0856304168701"",""20.8770694732666"",""20.1571598052979"",""19.6816596984863"",""19.56369972229"",""19.1883201599121"",""18.0839405059814"",""17.661039352417"",""17.9766998291016"""
"Pupil-teacher ratio, primary,""SE.PRM.ENRL.TC.ZS"",""Poland"",""POL"",""NA"",""11.1418504714966"",""NA"",""9.94155025482178"",""9.61028003692627"",""9.31659030914307"",""10.1553602218628"",""10.1856803894043"",""10.229510307312"",""10.1924495697021"",""10.4905796051025"""
"Pupil-teacher ratio, primary,""SE.PRM.ENRL.TC.ZS"",""Portugal"",""PRT"",""13.2390203475952"",""12.9473600387573"",""11.0654201507568"",""11.2632503509521"",""11.2495403289795"",""10.8293504714966"",""11.1004295349121"",""11.7342195510864"",""12.7816200256348"",""13.4067497253418"",""13.3061895370483"""
"Pupil-teacher ratio, primary,""SE.PRM.ENRL.TC.ZS"",""Russian Federation"",""RUS"",""17.5864906311035"",""16.9963092803955"",""16.9564399719238"",""17.4469890594482"",""18.0629596710205"",""NA"",""NA"",""19.5906200408936"",""19.8286094665527"",""19.8080196380615"",""20.1437492370605"""
"Pupil-teacher ratio, primary,""SE.PRM.ENRL.TC.ZS"",""Singapore"",""SGP"",""NA"",""NA"",""NA"",""19.3046092987061"",""17.4392890930176"",""NA"",""NA"",""NA"",""NA"",""NA"",""NA"""
"Pupil-teacher ratio, primary,""SE.PRM.ENRL.TC.ZS"",""Slovak Republic"",""SVK"",""17.5774898529053"",""19.7039108276367"",""19.11083984375"",""16.6138706207275"",""15.7191801071167"",""15.2404203414917"",""15.0784101486206"",""14.9400501251221"",""15.0467596054077"",""15.2363500595093"",""15.2493295669556"""
"Pupil-teacher ratio, primary,""SE.PRM.ENRL.TC.ZS"",""Slovenia"",""SVN"",""NA"",""12.9965400695801"",""12.4975996017456"",""17.4406700134277"",""17.1558494567871"",""17.0168800354004"",""16.7077007293701"",""16.7803897857666"",""16.8859004974365"",""16.7488708496094"",""16.9046192169189"""
"Pupil-teacher ratio, primary,""SE.PRM.ENRL.TC.ZS"",""Spain"",""ESP"",""14.544340133667"",""14.3044099807739"",""14.0089197158813"",""12.4238796234131"",""12.6221599578857"",""12.4014501571655"",""12.3987598419189"",""12.6012096405029"",""13.3197498321533"",""13.0962896347046"",""13.1862297058105"""
"Pupil-teacher ratio, primary,""SE.PRM.ENRL.TC.ZS"",""Sweden"",""SWE"",""11.8377799987793"",""11.4001197814941"",""11.4659595489502"",""9.55123043060303"",""9.34008979797363"",""9.53888034820557"",""9.26630020141602"",""9.64566993713379"",""11.809229850769"",""11.9300403594971"",""12.0975399017334"""
"Pupil-teacher ratio, primary,""SE.PRM.ENRL.TC.ZS"",""Switzerland"",""CHE"",""NA"",""NA"",""NA"",""NA"",""NA"",""NA"",""NA"",""10.7541999816895"",""10.4458799362183"",""10.1043195724487"",""NA"""
"Pupil-teacher ratio, primary,""SE.PRM.ENRL.TC.ZS"",""Turkey"",""TUR"",""NA"",""NA"",""NA"",""NA"",""NA"",""NA"",""NA"",""20.1320400238037"",""19.8335399627686"",""19.3275508880615"",""18.4051303863525"""
"Pupil-teacher ratio, primary,""SE.PRM.ENRL.TC.ZS"",""United Kingdom"",""GBR"",""18.6647605895996"",""17.5852298736572"",""17.1751403808594"",""18.2699909210205"",""17.9619808197021"",""17.5270595550537"",""17.2653999328613"",""18.3082504272461"",""18.4375190734863"",""17.3882007598877"",""NA"""
"Pupil-teacher ratio, primary,""SE.PRM.ENRL.TC.ZS"",""United States"",""USA"",""15.0081100463867"",""15.4441900253296"",""14.8271198272705"",""13.6890802383423"",""13.8721504211426"",""13.5908403396606"",""14.2852201461792"",""14.4221601486206"",""14.4536695480347"",""14.5374898910522"",""14.4572296142578"""
"Pupil-teacher ratio, secondary,""SE.SEC.ENRL.TC.ZS"",""Australia"",""AUS"",""NA"",""NA"",""NA"",""NA"",""NA"",""NA"",""NA"",""NA"",""NA"",""NA"",""NA"""
"Pupil-teacher ratio, secondary,""SE.SEC.ENRL.TC.ZS"",""Austria"",""AUT"",""NA"",""NA"",""10.4373502731323"",""10.5796604156494"",""10.2824897766113"",""9.97249984741211"",""9.67872047424316"",""9.53847026824951"",""9.67333030700684"",""9.61071014404297"",""9.57662963867188"""
"Pupil-teacher ratio, secondary,""SE.SEC.ENRL.TC.ZS"",""Belgium"",""BEL"",""10.0571203231812"",""10.3467102050781"",""10.5711698532104"",""NA"",""NA"",""NA"",""NA"",""NA"",""9.44806003570557"",""9.4235897064209"",""9.42496013641357"""
"Pupil-teacher ratio, secondary,""SE.SEC.ENRL.TC.ZS"",""Brazil"",""BRA"",""NA"",""NA"",""19.1207294464111"",""17.1954193115234"",""17.138650894165"",""16.663610458374"",""16.3498497009277"",""15.9738702774048"",""17.2630805969238"",""16.6917400360107"",""16.4513893127441"""
"Pupil-teacher ratio, secondary,""SE.SEC.ENRL.TC.ZS"",""Canada"",""CAN"",""NA"",""NA"",""NA"",""NA"",""NA"",""NA"",""NA"",""NA"",""NA"",""NA"",""NA"""
"Pupil-teacher ratio, secondary,""SE.SEC.ENRL.TC.ZS"",""Chile"",""CHL"",""29.3532009124756"",""NA"",""32.5555610656738"",""23.3264694213867"",""22.4076194763184"",""21.8657093048096"",""21.0573997497559"",""20.0435199737549"",""21.001220703125"",""20.0623798370361"",""19.4418506622314"""
"Pupil-teacher ratio, secondary,""SE.SEC.ENRL.TC.ZS"",""Colombia"",""COL"",""19.1954193115234"",""NA"",""20.9247398376465"",""NA"",""26.6563205718994"",""27.1463394165039"",""25.5813694000244"",""25.3950901031494"",""25.4984092712402"",""24.9012908935547"",""25.5773506164551"""
"Pupil-teacher ratio, secondary,""SE.SEC.ENRL.TC.ZS"",""Czech Republic"",""CZE"",""NA"",""10.8058099746704"",""10.8093204498291"",""11.3213300704956"",""11.1531400680542"",""10.9763402938843"",""11.3269100189209"",""11.1913404464722"",""11.548469543457"",""NA"",""NA"""
"Pupil-teacher ratio, secondary,""SE.SEC.ENRL.TC.ZS"",""Denmark"",""DNK"",""9.55770015716553"",""10.0526599884033"",""NA"",""NA"",""NA"",""NA"",""NA"",""NA"",""NA"",""11.290340423584"",""NA"""
"Pupil-teacher ratio, secondary,""SE.SEC.ENRL.TC.ZS"",""Estonia"",""EST"",""9.79109001159668"",""10.0549297332764"",""NA"",""9.40907001495361"",""9.44342041015625"",""8.76124000549316"",""8.77000999450684"",""8.37590980529785"",""8.09776973724365"",""NA"",""NA"""
"Pupil-teacher ratio, secondary,""SE.SEC.ENRL.TC.ZS"",""Finland"",""FIN"",""12.7422895431519"",""13.1808004379272"",""12.7734203338623"",""10.0307703018188"",""9.88786029815674"",""9.90598011016846"",""9.50424003601074"",""9.26576995849609"",""12.7065896987915"",""12.7581100463867"",""NA"""
"Pupil-teacher ratio, secondary,""SE.SEC.ENRL.TC.ZS"",""France"",""FRA"",""11.7982597351074"",""11.605770111084"",""11.4630899429321"",""12.2757797241211"",""12.4965896606445"",""12.6801795959473"",""12.6911497116089"",""12.832989692688"",""12.9392004013062"",""NA"",""NA"""
"Pupil-teacher ratio, secondary,""SE.SEC.ENRL.TC.ZS"",""Germany"",""DEU"",""14.363109588623"",""14.2565202713013"",""14.348560333252"",""13.23876953125"",""13.238320350647"",""12.9059600830078"",""12.8790702819824"",""12.7446899414063"",""12.5562801361084"",""12.20458984375"",""12.1337099075317"""
"Pupil-teacher ratio, secondary,""SE.SEC.ENRL.TC.ZS"",""Greece"",""GRC"",""9.7602596282959"",""9.41532039642334"",""8.97739028930664"",""NA"",""NA"",""NA"",""NA"",""NA"",""7.71531009674072"",""8.30618953704834"",""8.66633987426758"""
"Pupil-teacher ratio, secondary,""SE.SEC.ENRL.TC.ZS"",""Hong Kong SAR, China"",""HKG"",""NA"",""18.838960647583"",""18.4688091278076"",""17.2400207519531"",""16.8873291015625"",""16.6787796020508"",""15.7913904190063"",""14.9874401092529"",""14.1981801986694"",""13.6053800582886"",""12.9568195343018"""
"Pupil-teacher ratio, secondary,""SE.SEC.ENRL.TC.ZS"",""Hungary"",""HUN"",""9.84323978424072"",""10.6770496368408"",""10.8644800186157"",""10.223219871521"",""10.3289804458618"",""10.1955900192261"",""10.0293102264404"",""10.0396203994751"",""10.4802598953247"",""10.9033098220825"",""10.2913999557495"""
"Pupil-teacher ratio, secondary,""SE.SEC.ENRL.TC.ZS"",""Iceland"",""ISL"",""NA"",""NA"",""NA"",""NA"",""NA"",""NA"",""NA"",""NA"",""NA"",""NA"",""NA"""
"Pupil-teacher ratio, secondary,""SE.SEC.ENRL.TC.ZS"",""Indonesia"",""IDN"",""14.5718202590942"",""14.2566604614258"",""13.5815801620483"",""11.9597101211548"",""12.593560218811"",""12.1764802932739"",""14.7671203613281"",""16.6171092987061"",""15.3752899169922"",""15.4730997085571"",""NA"""
"Pupil-teacher ratio, secondary,""SE.SEC.ENRL.TC.ZS"",""Ireland"",""IRL"",""NA"",""NA"",""NA"",""NA"",""NA"",""NA"",""NA"",""NA"",""NA"",""NA"",""NA"""
"Pupil-teacher ratio, secondary,""SE.SEC.ENRL.TC.ZS"",""Israel"",""ISR"",""10.6371002197266"",""9.97080993652344"",""9.89690017700195"",""9.89721012115479"",""9.76438999176025"",""NA"",""NA"",""NA"",""NA"",""NA"",""NA"""
"Pupil-teacher ratio, secondary,""SE.SEC.ENRL.TC.ZS"",""Italy"",""ITA"",""10.4542198181152"",""10.139820098877"",""10.2476501464844"",""NA"",""NA"",""NA"",""NA"",""NA"",""11.375470161438"",""NA"",""11.2929697036743"""
"Pupil-teacher ratio, secondary,""SE.SEC.ENRL.TC.ZS"",""Japan"",""JPN"",""13.9758901596069"",""13.8311100006104"",""13.5496301651001"",""12.116849899292"",""11.9678201675415"",""11.8861598968506"",""11.7946395874023"",""11.6761598587036"",""NA"",""11.441780090332"",""11.3877000808716"""
"Pupil-teacher ratio, secondary,""SE.SEC.ENRL.TC.ZS"",""Korea, Rep."",""KOR"",""21.0203609466553"",""19.9079608917236"",""18.2353992462158"",""18.0528793334961"",""18.0194492340088"",""17.6365203857422"",""16.2052993774414"",""15.9794702529907"",""15.6110496520996"",""14.9144601821899"",""14.4072399139404"""
"Pupil-teacher ratio, secondary,""SE.SEC.ENRL.TC.ZS"",""Latvia"",""LVA"",""10.73766040802"",""11.2438697814941"",""11.3600397109985"",""9.84144973754883"",""8.60649013519287"",""9"",""8.33016014099121"",""7.89985990524292"",""8.32843017578125"",""8.21485996246338"",""8.03225994110107"""
"Pupil-teacher ratio, secondary,""SE.SEC.ENRL.TC.ZS"",""Luxembourg"",""LUX"",""10.8861799240112"",""10.7539196014404"",""10.6169700622559"",""10.1966800689697"",""NA"",""8.49530982971191"",""8.62160968780518"",""7.88116979598999"",""7.95459985733032"",""9.11907005310059"",""9.44748020172119"""
"Pupil-teacher ratio, secondary,""SE.SEC.ENRL.TC.ZS"",""Macao SAR, China"",""MAC"",""23.8804893493652"",""24.0240592956543"",""23.9686298370361"",""18.9577407836914"",""17.1438503265381"",""16.2301502227783"",""14.7538604736328"",""14.405650138855"",""13.112099647522"",""12.2063999176025"",""11.4446601867676"""
"Pupil-teacher ratio, secondary,""SE.SEC.ENRL.TC.ZS"",""Mexico"",""MEX"",""16.9228496551514"",""16.8771991729736"",""16.9642391204834"",""18.0074405670166"",""17.6396808624268"",""17.9126091003418"",""17.6773109436035"",""17.7409801483154"",""17.9559707641602"",""16.1233901977539"",""16.0821304321289"""
"Pupil-teacher ratio, secondary,""SE.SEC.ENRL.TC.ZS"",""Netherlands"",""NLD"",""NA"",""NA"",""13.4691801071167"",""13.1822700500488"",""13.3998603820801"",""13.7293300628662"",""13.5741195678711"",""13.8569297790527"",""14.2671804428101"",""14.5957698822021"",""14.4627599716187"""
"Pupil-teacher ratio, secondary,""SE.SEC.ENRL.TC.ZS"",""New Zealand"",""NZL"",""15.5497102737427"",""15.0342798233032"",""NA"",""14.4931001663208"",""14.3059902191162"",""14.5007400512695"",""14.3682203292847"",""14.3604202270508"",""NA"",""13.9623603820801"",""13.8154497146606"""
"Pupil-teacher ratio, secondary,""SE.SEC.ENRL.TC.ZS"",""Norway"",""NOR"",""NA"",""NA"",""NA"",""NA"",""NA"",""NA"",""NA"",""NA"",""NA"",""NA"",""8.51387023925781"""
"Pupil-teacher ratio, secondary,""SE.SEC.ENRL.TC.ZS"",""Peru"",""PER"",""20.3575401306152"",""20.3155498504639"",""18.9134693145752"",""16.2388591766357"",""16.5314598083496"",""15.9904403686523"",""16.6935901641846"",""16.7524299621582"",""15.463210105896"",""14.2013502120972"",""14.0905504226685"""
"Pupil-teacher ratio, secondary,""SE.SEC.ENRL.TC.ZS"",""Poland"",""POL"",""NA"",""13.2037200927734"",""NA"",""11.0412702560425"",""10.6805896759033"",""10.394889831543"",""8.9096097946167"",""8.66084957122803"",""9.53320026397705"",""9.45975971221924"",""9.31840038299561"""
"Pupil-teacher ratio, secondary,""SE.SEC.ENRL.TC.ZS"",""Portugal"",""PRT"",""9.7938404083252"",""9.72101020812988"",""8.8971996307373"",""7.25845003128052"",""7.27779006958008"",""7.3472900390625"",""7.52542018890381"",""8.16456985473633"",""9.77289962768555"",""9.89420032501221"",""9.92870044708252"""
"Pupil-teacher ratio, secondary,""SE.SEC.ENRL.TC.ZS"",""Russian Federation"",""RUS"",""NA"",""NA"",""NA"",""8.52573013305664"",""8.46535968780518"",""NA"",""NA"",""8.76377964019775"",""NA"",""NA"",""NA"""
"Pupil-teacher ratio, secondary,""SE.SEC.ENRL.TC.ZS"",""Singapore"",""SGP"",""NA"",""NA"",""NA"",""16.3607006072998"",""14.9102201461792"",""NA"",""NA"",""NA"",""NA"",""NA"",""NA"""
"Pupil-teacher ratio, secondary,""SE.SEC.ENRL.TC.ZS"",""Slovak Republic"",""SVK"",""12.2335300445557"",""12.7217702865601"",""12.6598596572876"",""12.5876703262329"",""12.3733396530151"",""12.0326595306396"",""11.6708498001099"",""11.3450803756714"",""11.2302103042603"",""11.1129999160767"",""11.1522903442383"""
"Pupil-teacher ratio, secondary,""SE.SEC.ENRL.TC.ZS"",""Slovenia"",""SVN"",""12.9234399795532"",""13.1430997848511"",""13.0275497436523"",""9.33901023864746"",""9.1832103729248"",""9.07180023193359"",""8.96265029907227"",""8.86497020721436"",""10.0677499771118"",""10.103630065918"",""10.2056903839111"""
"Pupil-teacher ratio, secondary,""SE.SEC.ENRL.TC.ZS"",""Spain"",""ESP"",""11.3821496963501"",""10.8733901977539"",""11.0480499267578"",""10.8042697906494"",""10.5483303070068"",""10.8048801422119"",""11.0529098510742"",""11.3502702713013"",""12.013279914856"",""11.9095697402954"",""11.9829397201538"""
"Pupil-teacher ratio, secondary,""SE.SEC.ENRL.TC.ZS"",""Sweden"",""SWE"",""14.3475799560547"",""13.953709602356"",""13.3118000030518"",""9.67691993713379"",""9.6157398223877"",""9.71082019805908"",""9.5108003616333"",""9.52381992340088"",""12.2993898391724"",""12.6189699172974"",""12.8734502792358"""
"Pupil-teacher ratio, secondary,""SE.SEC.ENRL.TC.ZS"",""Switzerland"",""CHE"",""NA"",""NA"",""NA"",""NA"",""NA"",""NA"",""NA"",""9.3291597366333"",""NA"",""NA"",""NA"""
"Pupil-teacher ratio, secondary,""SE.SEC.ENRL.TC.ZS"",""Turkey"",""TUR"",""NA"",""NA"",""NA"",""NA"",""NA"",""NA"",""NA"",""17.9457206726074"",""20.1325206756592"",""19.481050491333"",""18.4528694152832"""
"Pupil-teacher ratio, secondary,""SE.SEC.ENRL.TC.ZS"",""United Kingdom"",""GBR"",""15.0517101287842"",""14.8695602416992"",""15.4806604385376"",""14.2692203521729"",""NA"",""NA"",""NA"",""NA"",""15.8664798736572"",""15.829460144043"",""15.4590501785278"""
"Pupil-teacher ratio, secondary,""SE.SEC.ENRL.TC.ZS"",""United States"",""USA"",""14.6057996749878"",""15.1627101898193"",""14.8834495544434"",""14.3765897750854"",""13.9601697921753"",""13.7594299316406"",""14.4905595779419"",""14.6637201309204"",""14.6957397460938"",""14.7868299484253"",""14.6969699859619"""
","""","""","""","""","""","""","""","""","""","""","""","""","""","""""
","""","""","""","""","""","""","""","""","""","""","""","""","""","""""
","""","""","""","""","""","""","""","""","""","""","""","""","""","""""
"Data from database: World Development Indicators,"""","""","""","""","""","""","""","""","""","""","""","""","""","""""
"Last Updated: 11/14/2018,"""","""","""","""","""","""","""","""","""","""","""","""","""","""""
